Name,Gender,Company,Email,Phone,Age,Mixed Date,Long Date
Sandoval Mclean,male,Zolavo,sandovalmclean@zolavo.com,+1 (902) 569-2412,-5,"Aug 18, 2019","August 18, 2019"
Bishop Carr,male,Digirang,bishopcarr@digirang.com,+1 (860) 463-2942,21,"Aug 21, 2019","August 21, 2019"
Hatfield Hudson,male,Quonata,hatfieldhudson@quonata.com,+1 (981) 476-2966,33,"Aug 22, 2019","August 22, 2019"
Harrell Gaines,male,Namebox,harrellgaines@namebox.com,+1 (902) 410-2375,30,"Aug 24, 2019","August 24, 2019"
Ramos Garner,male,Kyaguru,ramosgarner@kyaguru.com,+1 (955) 474-2021,49,"Aug 18, 2019","August 18, 2019"
Hanson Cooke,male,Baluba,hansoncooke@baluba.com,+1 (911) 401-2909,39,"Aug 19, 2019","August 19, 2019"
Singleton Lowery,male,Isologica,singletonlowery@isologica.com,+1 (994) 418-2085,29,"Aug 22, 2019","August 22, 2019"
Snyder Snider,male,Maximind,snydersnider@maximind.com,+1 (944) 470-2621,21,"Aug 18, 2019","August 18, 2019"
Gregory Reese,male,Anacho,gregoryreese@anacho.com,+1 (939) 559-2659,31,"Aug 22, 2019","August 22, 2019"
Byers Rosa,male,Rameon,byersrosa@rameon.com,+1 (868) 445-3783,39,"Aug 21, 2019","August 21, 2019"
Ingram Blackburn,male,Lovepad,ingramblackburn@lovepad.com,+1 (842) 463-2719,30,"Aug 20, 2019","August 20, 2019"
Hampton Johnston,male,Inear,hamptonjohnston@inear.com,+1 (904) 596-3756,38,"Aug 22, 2019","August 22, 2019"
Moon Woods,male,Tersanki,moonwoods@tersanki.com,+1 (811) 444-2648,35,"Aug 19, 2019","August 19, 2019"
Decker Nieves,male,Solgan,deckernieves@solgan.com,+1 (998) 571-2537,23,"Aug 23, 2019","August 23, 2019"
Keller Warren,male,Amtas,kellerwarren@amtas.com,+1 (871) 592-3511,29,"Aug 18, 2019","August 18, 2019"
Shelton Collier,male,Accusage,sheltoncollier@accusage.com,+1 (863) 416-3835,30,"Aug 21, 2019","August 21, 2019"
Mack Cherry,male,Anocha,mackcherry@anocha.com,+1 (951) 545-2171,29,"Aug 19, 2019","August 19, 2019"
Clements Olson,male,Kinetica,clementsolson@kinetica.com,+1 (959) 457-3845,25,"Aug 22, 2019","August 22, 2019"
